a-band-called-death,0.26833
the-6th-day,1e-20
calvary,1e-20
the-boy-in-the-striped-pajamas,1e-20
broken-flowers,1e-20
the-brothers-grimm,1e-20
10000-bc,1e-20
pauline-and-paulette,1e-20
buck,1e-20
the-black-stallion,1e-20
alpha-and-omega,1e-20
an-unreasonable-man,1e-20
freeze-frame,1e-20
beautiful-boxer,1e-20
astro-boy,1e-20
jesus-you-know,1e-20
1911,1e-20
after-the-wedding,1e-20
after-innocence,1e-20
alps,1e-20
the-addams-family,1e-20
addams-family-values,1e-20
the-ant-bully,1e-20
american-pimp,1e-20
chimpanzee,1e-20
house-of-wax,1e-20
almost-peaceful,1e-20
the-cabin-in-the-woods,1e-20
california-typewriter,1e-20
bangkok-dangerous,1e-20
agnes-and-his-brothers,1e-20
incarnate,1e-20
cantinflas,1e-20
cats-eye,1e-20
balzac-and-the-little-chinese-seamstress,1e-20
the-canyons,1e-20
already-tomorrow-in-hong-kong,1e-20
bamako,1e-20
4,1e-20
cape-fear,1e-20
altered-states,1e-20
anatomy-2,1e-20
war-witch,1e-20
the-bachelor,1e-20
sleight,1e-20
addicted-to-love,1e-20
barely-lethal,1e-20
capital,1e-20
arthur-1981,1e-20
54,1e-20
